tv_show,season_num,episode_num,paragraph_id,link_title,link_url
Peaky Blinders,1,1,1,Shelbys,https://peaky-blinders.fandom.com/wiki/Shelby_Family
Peaky Blinders,1,1,1,Arthur Shelby,https://peaky-blinders.fandom.com/wiki/Arthur_Shelby
Peaky Blinders,1,1,2,church,https://peaky-blinders.fandom.com/wiki/Catholic_Church
Peaky Blinders,1,1,2,Polly Gray,https://peaky-blinders.fandom.com/wiki/Polly_Gray
Peaky Blinders,1,1,3,Grace Burgess,https://peaky-blinders.fandom.com/wiki/Grace_Shelby
Peaky Blinders,1,1,3,The Garrison Pub,https://peaky-blinders.fandom.com/wiki/The_Garrison
Peaky Blinders,1,1,3,Harry Fenton,https://peaky-blinders.fandom.com/wiki/Harry_Fenton
Peaky Blinders,1,1,3,I wish I was in Carrickfergus,https://peaky-blinders.fandom.com/wiki/I_wish_I_was_in_Carrickfergus
Peaky Blinders,1,1,4,cinema,https://peaky-blinders.fandom.com/wiki/Penny_Crush_Cinema
Peaky Blinders,1,1,4,Campbell,https://peaky-blinders.fandom.com/wiki/Inspector_Campbell
Peaky Blinders,1,1,6,Winston Churchill,https://peaky-blinders.fandom.com/wiki/Winston_Churchill
Peaky Blinders,1,1,7,Freddie Thorne,https://peaky-blinders.fandom.com/wiki/Freddie_Thorne
Peaky Blinders,1,1,7,Danny Whizz-Bang,https://peaky-blinders.fandom.com/wiki/Danny_Whizz-Bang
Peaky Blinders,1,1,8,Charlie Strong’s Yard,https://peaky-blinders.fandom.com/wiki/Charlie_Strong%27s_Yard
Peaky Blinders,1,1,9,IRA,https://peaky-blinders.fandom.com/wiki/Irish_Republican_Army
Peaky Blinders,1,1,10,Charlie Strong,https://peaky-blinders.fandom.com/wiki/Charlie_Strong
Peaky Blinders,1,1,11,London,"https://peaky-blinders.fandom.com/wiki/London,_England"
Peaky Blinders,1,1,13,I wish I was in Carrickfergus,https://peaky-blinders.fandom.com/wiki/I_wish_I_was_in_Carrickfergus
Peaky Blinders,1,1,13,Annabelle Wallis,https://peaky-blinders.fandom.com/wiki/Annabelle_Wallis
Peaky Blinders,1,1,13,The Boy I Love is Up in the Gallery,https://peaky-blinders.fandom.com/wiki/The_Boy_I_Love_is_Up_in_the_Gallery
Peaky Blinders,1,2,1,Peaky Blinders,https://peaky-blinders.fandom.com/wiki/Peaky_Blinders
Peaky Blinders,1,2,1,Johnny Dogs,https://peaky-blinders.fandom.com/wiki/Johnny_Dogs
Peaky Blinders,1,2,1,family car,https://peaky-blinders.fandom.com/wiki/Shelby_Family_Car
Peaky Blinders,1,2,1,John,https://peaky-blinders.fandom.com/wiki/John_Shelby
Peaky Blinders,1,2,1,Arthur Shelby,https://peaky-blinders.fandom.com/wiki/Arthur_Shelby
Peaky Blinders,1,2,2,Inspector Campbell,https://peaky-blinders.fandom.com/wiki/Inspector_Campbell
Peaky Blinders,1,2,2,Freddie Thorne,https://peaky-blinders.fandom.com/wiki/Freddie_Thorne
Peaky Blinders,1,2,2,Ada Shelby,https://peaky-blinders.fandom.com/wiki/Ada_Thorne
Peaky Blinders,1,2,3,Polly Shelby,https://peaky-blinders.fandom.com/wiki/Polly_Gray
Peaky Blinders,1,2,4,Watery Lane,https://peaky-blinders.fandom.com/wiki/Watery_Lane
Peaky Blinders,1,2,4,Birmingham Evening Dispatch,https://peaky-blinders.fandom.com/wiki/Birmingham_Evening_Dispatch
Peaky Blinders,1,2,4,Winston Churchill,https://peaky-blinders.fandom.com/wiki/Winston_Churchill
Peaky Blinders,1,2,6,Charlie Strong,https://peaky-blinders.fandom.com/wiki/Charlie_Strong
Peaky Blinders,1,2,7,Grace Burgess,https://peaky-blinders.fandom.com/wiki/Grace_Shelby
Peaky Blinders,1,2,7,Cheltenham Races,https://peaky-blinders.fandom.com/wiki/Major_Races
Peaky Blinders,1,2,9,Birmingham,"https://peaky-blinders.fandom.com/wiki/Birmingham,_England"
Peaky Blinders,1,2,13,Curly,https://peaky-blinders.fandom.com/wiki/Curly
Peaky Blinders,1,2,13,the Garrison,https://peaky-blinders.fandom.com/wiki/The_Garrison
Peaky Blinders,1,2,15,Roberts,https://peaky-blinders.fandom.com/wiki/Black_Velvet_Band
Peaky Blinders,1,2,17,Black Velvet Band,https://peaky-blinders.fandom.com/wiki/Roberts
Peaky Blinders,1,2,17,Annabelle Wallis,https://peaky-blinders.fandom.com/wiki/Black_Velvet_Band
Peaky Blinders,1,2,1,,https://peaky-blinders.fandom.com/wiki/Annabelle_Wallis
Peaky Blinders,1,3,1,Grace Burgess,https://peaky-blinders.fandom.com/wiki/Grace_Burgess
Peaky Blinders,1,3,1,Thomas Shelby,https://peaky-blinders.fandom.com/wiki/Thomas_Shelby
Peaky Blinders,1,3,1,Cheltenham Races,https://peaky-blinders.fandom.com/wiki/Major_Races
Peaky Blinders,1,3,2,The Garrison Pub,https://peaky-blinders.fandom.com/wiki/The_Garrison
Peaky Blinders,1,3,3,Ryan,https://peaky-blinders.fandom.com/wiki/Ryan
Peaky Blinders,1,3,4,Polly Shelby,https://peaky-blinders.fandom.com/wiki/Polly_Shelby
Peaky Blinders,1,3,4,Ada Shelby,https://peaky-blinders.fandom.com/wiki/Ada_Shelby
Peaky Blinders,1,3,4,Freddie Thorne,https://peaky-blinders.fandom.com/wiki/Freddie_Thorne
Peaky Blinders,1,3,6,Inspector Campbell,https://peaky-blinders.fandom.com/wiki/Chester_Campbell
Peaky Blinders,1,3,7,Billy Kimber,https://peaky-blinders.fandom.com/wiki/Billy_Kimber
Peaky Blinders,1,3,8,Arthur,https://peaky-blinders.fandom.com/wiki/Arthur_Shelby_Jr.
Peaky Blinders,1,3,8,The Garrison Pub,https://peaky-blinders.fandom.com/wiki/The_Garrison
Peaky Blinders,1,3,10,Sergeant Moss,https://peaky-blinders.fandom.com/wiki/Sergeant_Moss
Peaky Blinders,1,3,11,Danny wakes,https://peaky-blinders.fandom.com/wiki/Danny_Whizz-Bang
Peaky Blinders,1,3,12,Cheltenham Races,https://peaky-blinders.fandom.com/wiki/Major_Races
Peaky Blinders,1,3,16,The Boys of the Old Brigade,https://peaky-blinders.fandom.com/wiki/The_Boys_of_the_Old_Brigade
Peaky Blinders,1,3,16,Maguire,https://peaky-blinders.fandom.com/wiki/Maguire
Peaky Blinders,1,4,1,John Shelby,https://peaky-blinders.fandom.com/wiki/John_Shelby
Peaky Blinders,1,4,1,Shelby Home,https://peaky-blinders.fandom.com/wiki/Shelby_Home
Peaky Blinders,1,4,1,Lee Family,https://peaky-blinders.fandom.com/wiki/Lee_Family
Peaky Blinders,1,4,1,Scudboat,https://peaky-blinders.fandom.com/wiki/Scudboat
Peaky Blinders,1,4,2,Finn Shelby,https://peaky-blinders.fandom.com/wiki/Finn_Shelby
Peaky Blinders,1,4,3,Thomas Shelby,https://peaky-blinders.fandom.com/wiki/Thomas_Shelby
Peaky Blinders,1,4,3,Finn Shelby,https://peaky-blinders.fandom.com/wiki/Finn_Shelby
Peaky Blinders,1,4,4,Lees,https://peaky-blinders.fandom.com/wiki/Lee_Family
Peaky Blinders,1,4,4,Shelbys once,https://peaky-blinders.fandom.com/wiki/Shelby_Family
Peaky Blinders,1,4,4,Zilpha Lee,https://peaky-blinders.fandom.com/wiki/Zilpha_Lee
Peaky Blinders,1,4,4,Billy Kimber,https://peaky-blinders.fandom.com/wiki/Billy_Kimber
Peaky Blinders,1,4,5,Polly Shelby,https://peaky-blinders.fandom.com/wiki/Polly_Shelby
Peaky Blinders,1,4,5,Freddie Thorne,https://peaky-blinders.fandom.com/wiki/Freddie_Thorne
Peaky Blinders,1,4,5,Inspector Campbell,https://peaky-blinders.fandom.com/wiki/Chester_Campbell
Peaky Blinders,1,4,6,Ada Shelby,https://peaky-blinders.fandom.com/wiki/Ada_Shelby
Peaky Blinders,1,4,11,Grace Burgess,https://peaky-blinders.fandom.com/wiki/Grace_Burgess
Peaky Blinders,1,4,11,Arthur Shelby,https://peaky-blinders.fandom.com/wiki/Arthur_Shelby_Jr.
Peaky Blinders,1,4,12,Catholic Church,https://peaky-blinders.fandom.com/wiki/Catholic_Church
Peaky Blinders,1,4,17,Esme Lee,https://peaky-blinders.fandom.com/wiki/Esme_Shelby
Peaky Blinders,1,5,1,Thomas Shelby,https://peaky-blinders.fandom.com/wiki/Tommy_Shelby
Peaky Blinders,1,5,2,Aunt Polly,https://peaky-blinders.fandom.com/wiki/Polly_Shelby
Peaky Blinders,1,5,2,Ada Shelby,https://peaky-blinders.fandom.com/wiki/Ada_Shelby
Peaky Blinders,1,5,2,Freddie Thorne,https://peaky-blinders.fandom.com/wiki/Freddie_Thorne
Peaky Blinders,1,5,4,Grace Burgess,https://peaky-blinders.fandom.com/wiki/Grace_Burgess
Peaky Blinders,1,5,4,Black Star Day,https://peaky-blinders.fandom.com/wiki/Black_Star_Day
Peaky Blinders,1,5,4,Billy Kimber,https://peaky-blinders.fandom.com/wiki/Billy_Kimber
Peaky Blinders,1,5,5,Arthur Shelby Jr.,https://peaky-blinders.fandom.com/wiki/Arthur_Shelby_Jr.
Peaky Blinders,1,5,5,Arthur Shelby Sr.,https://peaky-blinders.fandom.com/wiki/Arthur_Shelby_Sr.
Peaky Blinders,1,5,6,The Garrison Pub,https://peaky-blinders.fandom.com/wiki/The_Garrison
Peaky Blinders,1,5,6,Danny Whizz-Bang,https://peaky-blinders.fandom.com/wiki/Danny_Whizz-Bang
Peaky Blinders,1,5,8,Malacki Byrne,https://peaky-blinders.fandom.com/wiki/Malacki_Byrne
Peaky Blinders,1,5,8,The Garrison Pub,https://peaky-blinders.fandom.com/wiki/The_Garrison
Peaky Blinders,1,5,8,Ryan,https://peaky-blinders.fandom.com/wiki/Ryan
Peaky Blinders,1,5,8,Episode 1.3,https://peaky-blinders.fandom.com/wiki/Episode_1.3
Peaky Blinders,1,5,9,Inspector Campbell,https://peaky-blinders.fandom.com/wiki/Chester_Campbell
Peaky Blinders,1,5,9,Malacki Byrne,https://peaky-blinders.fandom.com/wiki/Malacki_Byrne
Peaky Blinders,1,5,11,The Garrison Pub,https://peaky-blinders.fandom.com/wiki/The_Garrison
Peaky Blinders,1,5,11,Malacki Byrne,https://peaky-blinders.fandom.com/wiki/Malacki_Byrne
Peaky Blinders,1,5,11,Maguire,https://peaky-blinders.fandom.com/wiki/Maguire
Peaky Blinders,1,5,12,The Garrison Pub,https://peaky-blinders.fandom.com/wiki/The_Garrison
Peaky Blinders,1,5,14,I Am Stretched on Your Grave,https://peaky-blinders.fandom.com/wiki/I_Am_Stretched_on_Your_Grave
Peaky Blinders,1,5,14,The Garrison Pub,https://peaky-blinders.fandom.com/wiki/The_Garrison
Peaky Blinders,1,5,17,Shelby family,https://peaky-blinders.fandom.com/wiki/Shelby_Family
Peaky Blinders,1,5,18,Finn Shelby,https://peaky-blinders.fandom.com/wiki/Finn_Shelby
Peaky Blinders,1,5,20,The Garrison Pub,https://peaky-blinders.fandom.com/wiki/The_Garrison
Peaky Blinders,1,6,1,Mr. Zhang,https://peaky-blinders.fandom.com/wiki/Mr._Zhang
Peaky Blinders,1,6,1,Grace,https://peaky-blinders.fandom.com/wiki/Grace_Shelby
Peaky Blinders,1,6,2,Black Star Day,https://peaky-blinders.fandom.com/wiki/Black_Star_Day
Peaky Blinders,1,6,3,Sergeant Moss,https://peaky-blinders.fandom.com/wiki/Sergeant_Moss
Peaky Blinders,1,6,5,Winston Churchill,https://peaky-blinders.fandom.com/wiki/Winston_Churchill
Peaky Blinders,1,6,6,Polly Shelby,https://peaky-blinders.fandom.com/wiki/Polly_Gray
Peaky Blinders,1,6,6,Ada Shelby,https://peaky-blinders.fandom.com/wiki/Ada_Thorne
Peaky Blinders,1,6,6,Freddie,https://peaky-blinders.fandom.com/wiki/Freddie_Thorne
Peaky Blinders,1,6,8,the Lees,https://peaky-blinders.fandom.com/wiki/Lee_Family
Peaky Blinders,1,6,8,Worcester Races,https://peaky-blinders.fandom.com/wiki/Major_Races
Peaky Blinders,1,6,8,Karl,https://peaky-blinders.fandom.com/wiki/Karl_Thorne
Peaky Blinders,1,6,9,Danny Whizz-Bang,https://peaky-blinders.fandom.com/wiki/Danny_Whizz-Bang
Peaky Blinders,1,6,10,the Garrison Pub,https://peaky-blinders.fandom.com/wiki/The_Garrison
Peaky Blinders,1,6,17,Jeremiah Jesus,https://peaky-blinders.fandom.com/wiki/Jeremiah_Jesus
Peaky Blinders,1,6,17,Arthur,https://peaky-blinders.fandom.com/wiki/Arthur_Shelby
Peaky Blinders,1,6,20,London,"https://peaky-blinders.fandom.com/wiki/London,_England"
Peaky Blinders,1,6,20,Shelby Brothers Limited,https://peaky-blinders.fandom.com/wiki/Shelby_Company_Limited
Peaky Blinders,1,6,20,Darby Sabini,https://peaky-blinders.fandom.com/wiki/Darby_Sabini
Peaky Blinders,1,6,20,Alfred Solomons,https://peaky-blinders.fandom.com/wiki/Alfie_Solomons
Peaky Blinders,1,6,20,series,https://peaky-blinders.fandom.com/wiki/Series_2
Peaky Blinders,2,1,1,previous episode,https://peaky-blinders.fandom.com/wiki/Episode_1.6
Peaky Blinders,2,1,1,Grace Burgess,https://peaky-blinders.fandom.com/wiki/Grace_Shelby
Peaky Blinders,2,1,1,Inspector Campbell,https://peaky-blinders.fandom.com/wiki/Inspector_Campbell
Peaky Blinders,2,1,4,Freddie Thorne,https://peaky-blinders.fandom.com/wiki/Freddie_Thorne
Peaky Blinders,2,1,4,Thomas Shelby,https://peaky-blinders.fandom.com/wiki/Thomas_Shelby
Peaky Blinders,2,1,6,Irene O’Donnell,https://peaky-blinders.fandom.com/wiki/Irene_O%E2%80%99Donnell
Peaky Blinders,2,1,8,Inspector Campbell,https://peaky-blinders.fandom.com/wiki/Inspector_Campbell
Peaky Blinders,2,1,9,Esme,https://peaky-blinders.fandom.com/wiki/Esme_Shelby
Peaky Blinders,2,1,9,John,https://peaky-blinders.fandom.com/wiki/John_Shelby
Peaky Blinders,2,1,11,Lizzie Stark,https://peaky-blinders.fandom.com/wiki/Lizzie_Stark
Peaky Blinders,2,1,16,Arthur,https://peaky-blinders.fandom.com/wiki/Arthur_Shelby_Jr.
Peaky Blinders,2,1,16,the Eden Club,https://peaky-blinders.fandom.com/wiki/The_Eden_Club
Peaky Blinders,2,1,16,Darby Sabini,https://peaky-blinders.fandom.com/wiki/Darby_Sabini
Peaky Blinders,2,1,19,Ada,https://peaky-blinders.fandom.com/wiki/Ada_Shelby
Peaky Blinders,2,2,1,Ada,https://peaky-blinders.fandom.com/wiki/Ada_Thorne
Peaky Blinders,2,2,1,Sabini,https://peaky-blinders.fandom.com/wiki/Darby_Sabini
Peaky Blinders,2,2,2,Campbell,https://peaky-blinders.fandom.com/wiki/Inspector_Campbell
Peaky Blinders,2,2,2,Thomas,https://peaky-blinders.fandom.com/wiki/Thomas_Shelby
Peaky Blinders,2,2,2,Eamonn Duggan,https://peaky-blinders.fandom.com/wiki/Eamonn_Duggan
Peaky Blinders,2,2,3,Curly,https://peaky-blinders.fandom.com/wiki/Curly
Peaky Blinders,2,2,4,Camden Town,https://peaky-blinders.fandom.com/wiki/Camden_Town
Peaky Blinders,2,2,4,Alfie Solomons,https://peaky-blinders.fandom.com/wiki/Alfie_Solomons
Peaky Blinders,2,2,5,Polly,https://peaky-blinders.fandom.com/wiki/Polly_Gray
Peaky Blinders,2,2,5,Birmingham,"https://peaky-blinders.fandom.com/wiki/Birmingham,_England"
Peaky Blinders,2,2,6,Grace,https://peaky-blinders.fandom.com/wiki/Grace_Shelby
Peaky Blinders,2,2,7,Winston Churchill,https://peaky-blinders.fandom.com/wiki/Winston_Churchill
Peaky Blinders,2,2,8,Michael,https://peaky-blinders.fandom.com/wiki/Michael_Gray
Peaky Blinders,2,2,9,Arthur,https://peaky-blinders.fandom.com/wiki/Arthur_Shelby
Peaky Blinders,2,2,9,Finn,https://peaky-blinders.fandom.com/wiki/Finn_Shelby
Peaky Blinders,2,2,10,PTSD,https://peaky-blinders.fandom.com/wiki/PTSD
Peaky Blinders,2,2,11,Moss,https://peaky-blinders.fandom.com/wiki/Sergeant_Moss
Peaky Blinders,2,2,12,Garrison Pub,https://peaky-blinders.fandom.com/wiki/The_Garrison
Peaky Blinders,2,3,3,Polly,https://peaky-blinders.fandom.com/wiki/Polly_Shelby
Peaky Blinders,2,3,3,Michael,https://peaky-blinders.fandom.com/wiki/Michael_Gray
Peaky Blinders,2,3,6,the Garrison Pub,https://peaky-blinders.fandom.com/wiki/The_Garrison
Peaky Blinders,2,3,6,Thomas,https://peaky-blinders.fandom.com/wiki/Thomas_Shelby
Peaky Blinders,2,3,7,Alfie Solomons,https://peaky-blinders.fandom.com/wiki/Alfie_Solomons
Peaky Blinders,2,3,10,Arthur,https://peaky-blinders.fandom.com/wiki/Arthur_Shelby_Jr.
Peaky Blinders,2,3,10,Mrs. Ross,https://peaky-blinders.fandom.com/wiki/Mrs._Ross
Peaky Blinders,2,3,11,Major Campbell,https://peaky-blinders.fandom.com/wiki/Chester_Campbell
Peaky Blinders,2,3,12,Sabini,https://peaky-blinders.fandom.com/wiki/Darby_Sabini
Peaky Blinders,2,3,12,Digbeth Kid,https://peaky-blinders.fandom.com/wiki/Digbeth_Kid
Peaky Blinders,2,3,15,May Carleton,https://peaky-blinders.fandom.com/wiki/May_Carleton
Peaky Blinders,2,4,1,Thomas,https://peaky-blinders.fandom.com/wiki/Thomas_Shelby
Peaky Blinders,2,4,1,Digbeth Kid,https://peaky-blinders.fandom.com/wiki/Digbeth_Kid
Peaky Blinders,2,4,2,Inspector Campbell,https://peaky-blinders.fandom.com/wiki/Chester_Campbell
Peaky Blinders,2,4,2,Henry Russell,https://peaky-blinders.fandom.com/wiki/Field_Marshal_Henry_Russell
Peaky Blinders,2,4,2,Donal Henry,https://peaky-blinders.fandom.com/wiki/Donal_Henry
Peaky Blinders,2,4,3,Arthur,https://peaky-blinders.fandom.com/wiki/Arthur_Shelby_Jr.
Peaky Blinders,2,4,3,Darby Sabini,https://peaky-blinders.fandom.com/wiki/Darby_Sabini
Peaky Blinders,2,4,4,Polly,https://peaky-blinders.fandom.com/wiki/Polly_Shelby
Peaky Blinders,2,4,4,Michael,https://peaky-blinders.fandom.com/wiki/Michael_Gray
Peaky Blinders,2,4,5,May Carleton,https://peaky-blinders.fandom.com/wiki/May_Carleton
Peaky Blinders,2,4,9,Camden Town,https://peaky-blinders.fandom.com/wiki/Camden_Town
Peaky Blinders,2,4,9,Churchill,https://peaky-blinders.fandom.com/wiki/Winston_Churchill
Peaky Blinders,2,4,12,James,https://peaky-blinders.fandom.com/wiki/James
Peaky Blinders,2,4,13,Alfie Solomons,https://peaky-blinders.fandom.com/wiki/Alfie_Solomons
Peaky Blinders,2,4,13,Darby Sabini,https://peaky-blinders.fandom.com/wiki/Darby_Sabini
Peaky Blinders,2,4,15,Jeremiah Jesus,https://peaky-blinders.fandom.com/wiki/Jeremiah_Jesus
Peaky Blinders,2,4,15,Isaiah,https://peaky-blinders.fandom.com/wiki/Isaiah
Peaky Blinders,2,4,15,The Marquis of Lorne,https://peaky-blinders.fandom.com/wiki/The_Marquis_of_Lorne
Peaky Blinders,2,4,15,John,https://peaky-blinders.fandom.com/wiki/John_Shelby
Peaky Blinders,2,4,17,a man with a New York accent,https://peaky-blinders.fandom.com/wiki/Clive_Macmillan
Peaky Blinders,2,4,17,Grace Burgess,https://peaky-blinders.fandom.com/wiki/Grace_Shelby
Peaky Blinders,2,5,1,Alfie Solomons,https://peaky-blinders.fandom.com/wiki/Alfie_Solomons
Peaky Blinders,2,5,1,Billy Kitchen,https://peaky-blinders.fandom.com/wiki/Billy_Kitchen
Peaky Blinders,2,5,2,Polly Shelby,https://peaky-blinders.fandom.com/wiki/Polly_Gray
Peaky Blinders,2,5,2,Major Campbell,https://peaky-blinders.fandom.com/wiki/Inspector_Campbell
Peaky Blinders,2,5,2,The Marquis of Lorne,https://peaky-blinders.fandom.com/wiki/The_Marquis_of_Lorne
Peaky Blinders,2,5,3,May Carleton,https://peaky-blinders.fandom.com/wiki/May_Carleton
Peaky Blinders,2,5,5,family,https://peaky-blinders.fandom.com/wiki/Shelby_Family
Peaky Blinders,2,5,5,Ada,https://peaky-blinders.fandom.com/wiki/Ada_Thorne
Peaky Blinders,2,5,6,Grace,https://peaky-blinders.fandom.com/wiki/Grace_Shelby
Peaky Blinders,2,5,7,John Shelby,https://peaky-blinders.fandom.com/wiki/John_Shelby
Peaky Blinders,2,5,7,The Eden Club,https://peaky-blinders.fandom.com/wiki/The_Eden_Club
Peaky Blinders,2,5,7,Darby Sabini,https://peaky-blinders.fandom.com/wiki/Darby_Sabini
Peaky Blinders,2,5,7,Esme Shelby,https://peaky-blinders.fandom.com/wiki/Esme_Shelby
Peaky Blinders,2,5,7,Johnny Dogs,https://peaky-blinders.fandom.com/wiki/Johnny_Dogs
Peaky Blinders,2,5,7,Lees,https://peaky-blinders.fandom.com/wiki/Lee_Family
Peaky Blinders,2,5,10,Clive Macmillan,https://peaky-blinders.fandom.com/wiki/Clive_Macmillan
Peaky Blinders,2,5,10,Charlie Chaplin,https://peaky-blinders.fandom.com/wiki/Charlie_Chaplin
Peaky Blinders,2,5,12,Henry Russell,https://peaky-blinders.fandom.com/wiki/Henry_Russell
Peaky Blinders,2,5,14,Epsom racetrack,https://peaky-blinders.fandom.com/wiki/Major_Races
Peaky Blinders,2,6,1,Winston Churchill,https://peaky-blinders.fandom.com/wiki/Winston_Churchill
Peaky Blinders,2,6,1,Chester Campbell,https://peaky-blinders.fandom.com/wiki/Inspector_Campbell
Peaky Blinders,2,6,1,Ada Thorne,https://peaky-blinders.fandom.com/wiki/Ada_Thorne
Peaky Blinders,2,6,1,Epsom,https://peaky-blinders.fandom.com/wiki/Major_Races
Peaky Blinders,2,6,2,James,https://peaky-blinders.fandom.com/wiki/James
Peaky Blinders,2,6,2,Camden Town,https://peaky-blinders.fandom.com/wiki/Camden_Town
Peaky Blinders,2,6,2,Alfie Solomons,https://peaky-blinders.fandom.com/wiki/Alfie_Solomons
Peaky Blinders,2,6,2,Arthur Shelby,https://peaky-blinders.fandom.com/wiki/Arthur_Shelby
Peaky Blinders,2,6,2,Lees,https://peaky-blinders.fandom.com/wiki/Lee_Family
Peaky Blinders,2,6,3,Polly Gray,https://peaky-blinders.fandom.com/wiki/Polly_Gray
Peaky Blinders,2,6,3,Michael Gray,https://peaky-blinders.fandom.com/wiki/Michael_Gray
Peaky Blinders,2,6,3,Birmingham,"https://peaky-blinders.fandom.com/wiki/Birmingham,_England"
Peaky Blinders,2,6,4,Ulster Volunteer Force,https://peaky-blinders.fandom.com/wiki/Ulster_Volunteer_Force
Peaky Blinders,2,6,5,Darby Sabini,https://peaky-blinders.fandom.com/wiki/Darby_Sabini
Peaky Blinders,2,6,6,May Carleton,https://peaky-blinders.fandom.com/wiki/May_Carleton
Peaky Blinders,2,6,6,Grace Burgess,https://peaky-blinders.fandom.com/wiki/Grace_Shelby
Peaky Blinders,2,6,7,Lizzie Stark,https://peaky-blinders.fandom.com/wiki/Lizzie_Stark
Peaky Blinders,2,6,7,Henry Russell,https://peaky-blinders.fandom.com/wiki/Henry_Russell
Peaky Blinders,2,6,8,John Shelby,https://peaky-blinders.fandom.com/wiki/John_Shelby
Peaky Blinders,3,1,1,Episode 2.6,https://peaky-blinders.fandom.com/wiki/Episode_2.6
Peaky Blinders,3,1,2,Thomas Shelby,https://peaky-blinders.fandom.com/wiki/Thomas_Shelby
Peaky Blinders,3,1,2,Grace Burgess,https://peaky-blinders.fandom.com/wiki/Grace_Shelby
Peaky Blinders,3,1,3,The Peaky Blinders,https://peaky-blinders.fandom.com/wiki/Peaky_Blinders
Peaky Blinders,3,1,5,Anton Kaledin,https://peaky-blinders.fandom.com/wiki/Anton_Kaledin
Peaky Blinders,3,1,5,Polly Shelby,https://peaky-blinders.fandom.com/wiki/Polly_Shelby
Peaky Blinders,3,1,6,Arthur Shelby Jr.,https://peaky-blinders.fandom.com/wiki/Arthur_Shelby_Jr.
Peaky Blinders,3,1,9,Johnny Dogs,https://peaky-blinders.fandom.com/wiki/Johnny_Dogs
Peaky Blinders,3,1,10,Winston Churchill,https://peaky-blinders.fandom.com/wiki/Winston_Churchill
Peaky Blinders,3,1,15,Sergeant Moss,https://peaky-blinders.fandom.com/wiki/Sergeant_Moss
Peaky Blinders,3,1,15,Duchess Tatiana Petrovna,https://peaky-blinders.fandom.com/wiki/Tatiana_Petrovna
Peaky Blinders,3,1,18,Ruben Oliver,https://peaky-blinders.fandom.com/wiki/Ruben_Oliver
Peaky Blinders,3,2,1,Thomas Shelby,https://peaky-blinders.fandom.com/wiki/Thomas_Shelby
Peaky Blinders,3,2,1,Lanchester Motor Company,https://peaky-blinders.fandom.com/wiki/Lanchester_Motor_Company
Peaky Blinders,3,2,1,John Hughes,https://peaky-blinders.fandom.com/wiki/Father_Hughes
Peaky Blinders,3,2,2,Charlie Strong’s Yard,https://peaky-blinders.fandom.com/wiki/Charlie_Strong%27s_Yard
Peaky Blinders,3,2,2,communist,https://peaky-blinders.fandom.com/wiki/Communists
Peaky Blinders,3,2,3,Arthur Shelby Jr.,https://peaky-blinders.fandom.com/wiki/Arthur_Shelby_Jr.
Peaky Blinders,3,2,3,John Shelby,https://peaky-blinders.fandom.com/wiki/John_Shelby
Peaky Blinders,3,2,3,Isiah,https://peaky-blinders.fandom.com/wiki/Isiah_Jesus
Peaky Blinders,3,2,3,Finn,https://peaky-blinders.fandom.com/wiki/Finn_Shelby
Peaky Blinders,3,2,3,Curly,https://peaky-blinders.fandom.com/wiki/Curly
Peaky Blinders,3,2,3,Charlie Strong,https://peaky-blinders.fandom.com/wiki/Charlie_Strong
Peaky Blinders,3,2,3,Vicente Changretta,https://peaky-blinders.fandom.com/wiki/Vicente_Changretta
Peaky Blinders,3,2,3,Lizzie Stark,https://peaky-blinders.fandom.com/wiki/Lizzie_Stark
Peaky Blinders,3,2,3,Angel Changretta,https://peaky-blinders.fandom.com/wiki/Angel_Changretta
Peaky Blinders,3,2,4,Ada Shelby,https://peaky-blinders.fandom.com/wiki/Ada_Shelby
Peaky Blinders,3,2,4,Petrovich Romanov,https://peaky-blinders.fandom.com/wiki/Leon_Petrovich_Romanov
Peaky Blinders,3,2,4,Anton Kaledin,https://peaky-blinders.fandom.com/wiki/Anton_Kaledin
Peaky Blinders,3,2,5,Shelby family home,https://peaky-blinders.fandom.com/wiki/Shelby_Home_%26_Betting_Shop
Peaky Blinders,3,2,5,Birmingham,"https://peaky-blinders.fandom.com/wiki/Birmingham,_England"
Peaky Blinders,3,2,5,Polly Shelby,https://peaky-blinders.fandom.com/wiki/Polly_Gray
Peaky Blinders,3,2,6,the Ritz Hotel,https://peaky-blinders.fandom.com/wiki/The_Ritz_Hotel
Peaky Blinders,3,2,10,Grace Shelby,https://peaky-blinders.fandom.com/wiki/Grace_Shelby
Peaky Blinders,3,2,10,home,https://peaky-blinders.fandom.com/wiki/Arrow_House
Peaky Blinders,3,2,11,Linda,https://peaky-blinders.fandom.com/wiki/Linda_Shelby
Peaky Blinders,3,2,11,Moss,https://peaky-blinders.fandom.com/wiki/Sergeant_Moss
Peaky Blinders,3,2,11,Peaky Blinders,https://peaky-blinders.fandom.com/wiki/Peaky_Blinders
Peaky Blinders,3,2,11,the Garrison Pub,https://peaky-blinders.fandom.com/wiki/The_Garrison
Peaky Blinders,3,2,12,Esme,https://peaky-blinders.fandom.com/wiki/Esme_Shelby
Peaky Blinders,3,2,12,London,"https://peaky-blinders.fandom.com/wiki/London,_England"
Peaky Blinders,3,2,12,Charles Shelby,https://peaky-blinders.fandom.com/wiki/Charles_Shelby
Peaky Blinders,3,2,14,Ruben Oliver,https://peaky-blinders.fandom.com/wiki/Ruben_Oliver
Peaky Blinders,3,2,15,Patrick Jarvis,https://peaky-blinders.fandom.com/wiki/Patrick_Jarvis
Peaky Blinders,3,2,15,Tatiana Petrovna,https://peaky-blinders.fandom.com/wiki/Tatiana_Petrovna
Peaky Blinders,3,3,1,Thomas Shelby,https://peaky-blinders.fandom.com/wiki/Thomas_Shelby
Peaky Blinders,3,3,1,Grace,https://peaky-blinders.fandom.com/wiki/Grace_Shelby
Peaky Blinders,3,3,1,family,https://peaky-blinders.fandom.com/wiki/Shelby_Family
Peaky Blinders,3,3,1,house,https://peaky-blinders.fandom.com/wiki/Arrow_House
Peaky Blinders,3,3,1,Charles,https://peaky-blinders.fandom.com/wiki/Charles_Shelby
Peaky Blinders,3,3,2,Aunt Polly,https://peaky-blinders.fandom.com/wiki/Polly_Gray
Peaky Blinders,3,3,2,Michael,https://peaky-blinders.fandom.com/wiki/Michael_Gray
Peaky Blinders,3,3,2,Arthur,https://peaky-blinders.fandom.com/wiki/Arthur_Shelby
Peaky Blinders,3,3,2,John,https://peaky-blinders.fandom.com/wiki/John_Shelby
Peaky Blinders,3,3,2,Angel Changretta,https://peaky-blinders.fandom.com/wiki/Angel_Changretta
Peaky Blinders,3,3,2,Vicente Changretta,https://peaky-blinders.fandom.com/wiki/Vicente_Changretta
Peaky Blinders,3,3,2,Mrs. Changretta,https://peaky-blinders.fandom.com/wiki/Audrey_Changretta
Peaky Blinders,3,3,3,Finn Shelby,https://peaky-blinders.fandom.com/wiki/Finn_Shelby
Peaky Blinders,3,3,5,communist,https://peaky-blinders.fandom.com/wiki/Communists
Peaky Blinders,3,3,6,Ruben Oliver,https://peaky-blinders.fandom.com/wiki/Ruben_Oliver
Peaky Blinders,3,3,7,Johnny Dogs,https://peaky-blinders.fandom.com/wiki/Johnny_Dogs
Peaky Blinders,3,3,7,Bethany Boswell,https://peaky-blinders.fandom.com/wiki/Bethany_Boswell
Peaky Blinders,3,3,9,Ada,https://peaky-blinders.fandom.com/wiki/Ada_Thorne
Peaky Blinders,3,3,9,Economic League,https://peaky-blinders.fandom.com/wiki/The_Economic_League
Peaky Blinders,3,3,9,Shelby business,https://peaky-blinders.fandom.com/wiki/Shelby_Company_Limited
Peaky Blinders,3,3,10,Linda,https://peaky-blinders.fandom.com/wiki/Linda_Shelby
Peaky Blinders,3,3,11,Izabella Petrovna,https://peaky-blinders.fandom.com/wiki/Izabella_Petrovna
Peaky Blinders,3,3,11,Petrovich,https://peaky-blinders.fandom.com/wiki/Leon_Petrovich_Romanov
Peaky Blinders,3,3,11,Tatiana,https://peaky-blinders.fandom.com/wiki/Tatiana_Petrovna
Peaky Blinders,3,3,11,Jarvis,https://peaky-blinders.fandom.com/wiki/Patrick_Jarvis
Peaky Blinders,3,3,11,Father Hughes,https://peaky-blinders.fandom.com/wiki/Father_Hughes
Peaky Blinders,3,4,1,Arthur Shelby Sr.,https://peaky-blinders.fandom.com/wiki/Arthur_Shelby_Sr.
Peaky Blinders,3,4,1,Shelby,https://peaky-blinders.fandom.com/wiki/Shelby_Family
Peaky Blinders,3,4,1,Thomas Shelby's,https://peaky-blinders.fandom.com/wiki/Thomas_Shelby
Peaky Blinders,3,4,1,Grace,https://peaky-blinders.fandom.com/wiki/Grace_Shelby
Peaky Blinders,3,4,2,Aunt Polly,https://peaky-blinders.fandom.com/wiki/Aunt_Polly
Peaky Blinders,3,4,2,Chester Campbell,https://peaky-blinders.fandom.com/wiki/Chester_Campbell
Peaky Blinders,3,4,2,a man of the cloth,https://peaky-blinders.fandom.com/wiki/Father_Hughes
Peaky Blinders,3,4,2,Esme Shelby,https://peaky-blinders.fandom.com/wiki/Esme_Shelby
Peaky Blinders,3,4,2,Lizzie Stark,https://peaky-blinders.fandom.com/wiki/Lizzie_Stark
Peaky Blinders,3,4,2,Linda Shelby,https://peaky-blinders.fandom.com/wiki/Linda_Shelby
Peaky Blinders,3,4,2,Jessie Eden,https://peaky-blinders.fandom.com/wiki/Jessie_Eden
Peaky Blinders,3,4,3,Princess Tatiana,https://peaky-blinders.fandom.com/wiki/Tatiana_Petrovna
Peaky Blinders,3,4,3,Father Hughes,https://peaky-blinders.fandom.com/wiki/Father_Hughes
Peaky Blinders,3,4,3,John Shelby,https://peaky-blinders.fandom.com/wiki/John_Shelby
Peaky Blinders,3,4,4,Stephan Radischevski,https://peaky-blinders.fandom.com/wiki/Stephan_Radischevski
Peaky Blinders,3,4,4,Linda,https://peaky-blinders.fandom.com/wiki/Linda_Shelby
Peaky Blinders,3,4,5,Patrick Jarvis,https://peaky-blinders.fandom.com/wiki/Patrick_Jarvis
Peaky Blinders,3,4,5,Grand Duchess Izabella Petrovna,https://peaky-blinders.fandom.com/wiki/Izabella_Petrovna
Peaky Blinders,3,4,6,Peaky Blinders,https://peaky-blinders.fandom.com/wiki/Peaky_Blinders
Peaky Blinders,3,4,7,Blinders,https://peaky-blinders.fandom.com/wiki/Peaky_Blinders
Peaky Blinders,3,4,7,Ada Thorne,https://peaky-blinders.fandom.com/wiki/Ada_Shelby
Peaky Blinders,3,5,1,Father Hughes,https://peaky-blinders.fandom.com/wiki/Father_Hughes
Peaky Blinders,3,5,1,Thomas Shelby,https://peaky-blinders.fandom.com/wiki/Thomas_Shelby
Peaky Blinders,3,5,1,Michael,https://peaky-blinders.fandom.com/wiki/Michael_Gray
Peaky Blinders,3,5,2,Johnny Dogs,https://peaky-blinders.fandom.com/wiki/Johnny_Dogs
Peaky Blinders,3,5,2,Alfie Solomons,https://peaky-blinders.fandom.com/wiki/Alfie_Solomons
Peaky Blinders,3,5,2,Arthur,https://peaky-blinders.fandom.com/wiki/Arthur_Shelby_Jr.
Peaky Blinders,3,5,3,John,https://peaky-blinders.fandom.com/wiki/John_Shelby
Peaky Blinders,3,5,3,Princess Tatiana,https://peaky-blinders.fandom.com/wiki/Tatiana_Petrovna
Peaky Blinders,3,5,3,Grand Duchess Izabella,https://peaky-blinders.fandom.com/wiki/Izabella_Petrovna
Peaky Blinders,3,5,4,Polly,https://peaky-blinders.fandom.com/wiki/Polly_Shelby
Peaky Blinders,3,5,4,Ada,https://peaky-blinders.fandom.com/wiki/Ada_Thorne
Peaky Blinders,3,5,4,Charlotte,https://peaky-blinders.fandom.com/wiki/Charlotte_Murray
Peaky Blinders,3,5,4,Ruben Oliver,https://peaky-blinders.fandom.com/wiki/Ruben_Oliver
Peaky Blinders,3,5,5,Grace,https://peaky-blinders.fandom.com/wiki/Grace_Shelby
Peaky Blinders,3,5,5,spy,https://peaky-blinders.fandom.com/wiki/Stephan_Radischevski
Peaky Blinders,3,5,6,Father Hughes,https://peaky-blinders.fandom.com/wiki/Father_Hughes
Peaky Blinders,3,6,1,Grace Shelby Institute,https://peaky-blinders.fandom.com/wiki/Grace_Shelby_Institute
Peaky Blinders,3,6,1,Thomas,https://peaky-blinders.fandom.com/wiki/Thomas_Shelby
Peaky Blinders,3,6,1,Grace,https://peaky-blinders.fandom.com/wiki/Grace_Shelby
Peaky Blinders,3,6,1,Father Hughes,https://peaky-blinders.fandom.com/wiki/Father_Hughes
Peaky Blinders,3,6,2,Charles,https://peaky-blinders.fandom.com/wiki/Charles_Shelby
Peaky Blinders,3,6,4,Ada,https://peaky-blinders.fandom.com/wiki/Ada_Thorne
Peaky Blinders,3,6,4,John,https://peaky-blinders.fandom.com/wiki/John_Shelby
Peaky Blinders,3,6,4,Polly,https://peaky-blinders.fandom.com/wiki/Polly_Shelby
Peaky Blinders,3,6,4,Arthur,https://peaky-blinders.fandom.com/wiki/Arthur_Shelby_Jr.
Peaky Blinders,3,6,5,Alfie,https://peaky-blinders.fandom.com/wiki/Alfie_Solomons
Peaky Blinders,3,6,5,Michael,https://peaky-blinders.fandom.com/wiki/Michael_Gray
Peaky Blinders,3,6,6,Inspector Moss,https://peaky-blinders.fandom.com/wiki/Sergeant_Moss
Peaky Blinders,3,6,9,Johnny Dogs,https://peaky-blinders.fandom.com/wiki/Johnny_Dogs
Peaky Blinders,3,6,12,Tatiana,https://peaky-blinders.fandom.com/wiki/Tatiana_Petrovna
Peaky Blinders,4,1,1,Series 3,https://peaky-blinders.fandom.com/wiki/Series_3
Peaky Blinders,4,1,1,Arthur Shelby,https://peaky-blinders.fandom.com/wiki/Arthur_Shelby
Peaky Blinders,4,1,1,John Shelby,https://peaky-blinders.fandom.com/wiki/John_Shelby
Peaky Blinders,4,1,1,Polly Gray,https://peaky-blinders.fandom.com/wiki/Polly
Peaky Blinders,4,1,1,Michael Gray,https://peaky-blinders.fandom.com/wiki/Michael_Gray
Peaky Blinders,4,1,1,Winson Green Prison,https://peaky-blinders.fandom.com/wiki/Winson_Green_Prison
Peaky Blinders,4,1,2,Edward Roberts,https://peaky-blinders.fandom.com/wiki/Edward_Roberts
Peaky Blinders,4,1,2,Birmingham,"https://peaky-blinders.fandom.com/wiki/Birmingham,_England"
Peaky Blinders,4,1,2,Arthur Bigge,https://peaky-blinders.fandom.com/wiki/Arthur_Bigge
Peaky Blinders,4,1,2,Winston Churchill,https://peaky-blinders.fandom.com/wiki/Winston_Churchill
Peaky Blinders,4,1,2,Blinders,https://peaky-blinders.fandom.com/wiki/Peaky_Blinders
Peaky Blinders,4,1,3,Lizzie,https://peaky-blinders.fandom.com/wiki/Lizzie_Stark
Peaky Blinders,4,1,3,Charles Shelby,https://peaky-blinders.fandom.com/wiki/Charles_Shelby
Peaky Blinders,4,1,4,Jessie Eden,https://peaky-blinders.fandom.com/wiki/Jessie_Eden
Peaky Blinders,4,1,5,Ada Thorne,https://peaky-blinders.fandom.com/wiki/Ada_Thorne
Peaky Blinders,4,1,5,Esme Shelby,https://peaky-blinders.fandom.com/wiki/Esme_Shelby
Peaky Blinders,4,1,6,Billy Shelby,https://peaky-blinders.fandom.com/wiki/Billy_Shelby
Peaky Blinders,4,1,8,Frances,https://peaky-blinders.fandom.com/wiki/Frances
Peaky Blinders,4,1,8,Luca Changretta,https://peaky-blinders.fandom.com/wiki/Luca_Changretta
Peaky Blinders,4,1,10,Small Heath,"https://peaky-blinders.fandom.com/wiki/Small_Heath,_Birmingham"
Peaky Blinders,4,1,12,Antonio,https://peaky-blinders.fandom.com/wiki/Antonio
Peaky Blinders,4,1,12,Sabini,https://peaky-blinders.fandom.com/wiki/Darby_Sabini
Peaky Blinders,4,2,1,The Noose,https://peaky-blinders.fandom.com/wiki/The_Noose
Peaky Blinders,4,2,1,John Shelby,https://peaky-blinders.fandom.com/wiki/John_Shelby
Peaky Blinders,4,2,1,Peaky Blinders,https://peaky-blinders.fandom.com/wiki/Peaky_Blinders
Peaky Blinders,4,2,1,Small Heath,"https://peaky-blinders.fandom.com/wiki/Small_Heath,_Birmingham"
Peaky Blinders,4,2,1,Esme,https://peaky-blinders.fandom.com/wiki/Esme_Shelby
Peaky Blinders,4,2,2,Vicente Changretta,https://peaky-blinders.fandom.com/wiki/Vicente_Changretta
Peaky Blinders,4,2,2,Aberama Gold,https://peaky-blinders.fandom.com/wiki/Aberama_Gold
Peaky Blinders,4,2,2,Johnny Dogs,https://peaky-blinders.fandom.com/wiki/Johnny_Dogs
Peaky Blinders,4,2,2,Charlie Strong,https://peaky-blinders.fandom.com/wiki/Charlie_Strong
Peaky Blinders,4,2,3,Aberama Gold,https://peaky-blinders.fandom.com/wiki/Aberama_Gold
Peaky Blinders,4,2,4,Shelby Company Limited,https://peaky-blinders.fandom.com/wiki/Shelby_Company_Limited
Peaky Blinders,4,2,9,May Carleton,https://peaky-blinders.fandom.com/wiki/May_Carleton
Peaky Blinders,4,2,9,Curly,https://peaky-blinders.fandom.com/wiki/Curly
Peaky Blinders,4,2,10,Billy Mills,https://peaky-blinders.fandom.com/wiki/Billy_Mills
Peaky Blinders,4,2,11,Jessie Eden,https://peaky-blinders.fandom.com/wiki/Jessie_Eden
Peaky Blinders,4,2,11,Thomas Shelby's factory manager,https://peaky-blinders.fandom.com/wiki/Niall_Devlin
Peaky Blinders,4,2,11,a mysterious businessman from Paris,https://peaky-blinders.fandom.com/wiki/Luca_Changretta
Peaky Blinders,4,3,1,Michael,https://peaky-blinders.fandom.com/wiki/Michael_Gray
Peaky Blinders,4,3,1,Rosemary Johnson,https://peaky-blinders.fandom.com/wiki/Rosemary_Johnson
Peaky Blinders,4,3,2,Tommy,https://peaky-blinders.fandom.com/wiki/Thomas_Shelby
Peaky Blinders,4,3,2,Shelby Company Limited,https://peaky-blinders.fandom.com/wiki/Shelby_Company_Limited
Peaky Blinders,4,3,2,Linda,https://peaky-blinders.fandom.com/wiki/Linda_Shelby
Peaky Blinders,4,3,2,Polly Gray,https://peaky-blinders.fandom.com/wiki/Polly_Gray
Peaky Blinders,4,3,2,Ada Thorne,https://peaky-blinders.fandom.com/wiki/Ada_Thorne
Peaky Blinders,4,3,3,Aberama Gold,https://peaky-blinders.fandom.com/wiki/Aberama_Gold
Peaky Blinders,4,3,5,Shelby family,https://peaky-blinders.fandom.com/wiki/Shelby_Family
Peaky Blinders,4,3,5,Birmingham,"https://peaky-blinders.fandom.com/wiki/Birmingham,_England"
Peaky Blinders,4,3,8,Jessie Eden,https://peaky-blinders.fandom.com/wiki/Jessie_Eden
Peaky Blinders,4,3,8,Greta Jurossi,https://peaky-blinders.fandom.com/wiki/Greta_Jurossi
Peaky Blinders,4,3,8,Kitty,https://peaky-blinders.fandom.com/wiki/Kitty_Jurossi
Peaky Blinders,4,3,8,communist,https://peaky-blinders.fandom.com/wiki/Communists
Peaky Blinders,4,3,10,Shelby betting shop,https://peaky-blinders.fandom.com/wiki/Shelby_Home_%26_Betting_Shop
Peaky Blinders,4,3,10,Finn,https://peaky-blinders.fandom.com/wiki/Finn_Shelby
Peaky Blinders,4,3,10,Lizzie,https://peaky-blinders.fandom.com/wiki/Lizzie_Stark
Peaky Blinders,4,3,12,John,https://peaky-blinders.fandom.com/wiki/John_Shelby
Peaky Blinders,4,4,1,Mrs. Ross,https://peaky-blinders.fandom.com/wiki/Mrs._Ross
Peaky Blinders,4,4,1,Arthur,https://peaky-blinders.fandom.com/wiki/Arthur_Shelby
Peaky Blinders,4,4,1,Luca Changretta,https://peaky-blinders.fandom.com/wiki/Luca_Changretta
Peaky Blinders,4,4,2,Finn,https://peaky-blinders.fandom.com/wiki/Finn_Shelby
Peaky Blinders,4,4,4,Aberama Gold,https://peaky-blinders.fandom.com/wiki/Aberama_Gold
Peaky Blinders,4,4,5,their own,https://peaky-blinders.fandom.com/wiki/Shelby_Family
Peaky Blinders,4,4,6,wife,https://peaky-blinders.fandom.com/wiki/Grace_Shelby
Peaky Blinders,4,4,6,brother,https://peaky-blinders.fandom.com/wiki/John_Shelby
Peaky Blinders,4,4,12,Darby Sabini,https://peaky-blinders.fandom.com/wiki/Darby_Sabini
Peaky Blinders,4,4,12,Bonnie,https://peaky-blinders.fandom.com/wiki/Bonnie_Gold
Peaky Blinders,4,5,1,Michael Gray,https://peaky-blinders.fandom.com/wiki/Michael_Gray
Peaky Blinders,4,6,4,company business,https://peaky-blinders.fandom.com/wiki/Shelby_Company_Limited
Peaky Blinders,4,6,17,Thomas Shelby,https://peaky-blinders.fandom.com/wiki/Thomas_Shelby
Peaky Blinders,4,6,17,Alphonse Capone,https://peaky-blinders.fandom.com/wiki/Al_Capone
Peaky Blinders,5,1,1,Arthur,https://peaky-blinders.fandom.com/wiki/Arthur_Shelby
Peaky Blinders,5,1,1,Peaky Blinders,https://peaky-blinders.fandom.com/wiki/Peaky_Blinders
Peaky Blinders,5,1,1,Finn,https://peaky-blinders.fandom.com/wiki/Finn_Shelby
Peaky Blinders,5,1,1,Aberama,https://peaky-blinders.fandom.com/wiki/Aberama_Gold
Peaky Blinders,5,1,1,Isiah,https://peaky-blinders.fandom.com/wiki/Isiah_Jesus
Peaky Blinders,5,1,2,Birmingham,"https://peaky-blinders.fandom.com/wiki/Birmingham,_England"
Peaky Blinders,5,1,2,London,"https://peaky-blinders.fandom.com/wiki/London,_England"
Peaky Blinders,5,1,2,Gina,https://peaky-blinders.fandom.com/wiki/Gina_Gray
Peaky Blinders,5,1,3,Ada,https://peaky-blinders.fandom.com/wiki/Ada_Thorne
Peaky Blinders,5,1,4,Charles,https://peaky-blinders.fandom.com/wiki/Charles_Shelby
Peaky Blinders,5,1,5,Lizzie,https://peaky-blinders.fandom.com/wiki/Lizzie_Stark
Peaky Blinders,5,1,5,Grace,https://peaky-blinders.fandom.com/wiki/Grace_Shelby
Peaky Blinders,5,1,6,Linda,https://peaky-blinders.fandom.com/wiki/Linda_Shelby
Peaky Blinders,5,1,7,the Garrison,https://peaky-blinders.fandom.com/wiki/The_Garrison
Peaky Blinders,5,1,8,Oswald Mosley,https://peaky-blinders.fandom.com/wiki/Oswald_Mosley
Peaky Blinders,5,1,9,Inspector Campbell,https://peaky-blinders.fandom.com/wiki/Inspector_Campbell
Peaky Blinders,5,1,10,Ben Younger,https://peaky-blinders.fandom.com/wiki/Ben_Younger
Peaky Blinders,5,1,12,Tommy Shelby,https://peaky-blinders.fandom.com/wiki/Thomas_Shelby
Peaky Blinders,5,1,12,Charles Shelby,https://peaky-blinders.fandom.com/wiki/Charles_Shelby
Peaky Blinders,5,2,1,Tommy,https://peaky-blinders.fandom.com/wiki/Thomas_Shelby
Peaky Blinders,5,2,1,Charlie,https://peaky-blinders.fandom.com/wiki/Charles_Shelby
Peaky Blinders,5,2,2,Michael,https://peaky-blinders.fandom.com/wiki/Michael_Gray
Peaky Blinders,5,2,2,Frances,https://peaky-blinders.fandom.com/wiki/Frances_Tomelty
Peaky Blinders,5,2,3,Arthur,https://peaky-blinders.fandom.com/wiki/Arthur_Shelby
Peaky Blinders,5,2,3,the Garrison,https://peaky-blinders.fandom.com/wiki/The_Garrison
Peaky Blinders,5,2,3,Finn,https://peaky-blinders.fandom.com/wiki/Finn_Shelby
Peaky Blinders,5,2,5,Polly,https://peaky-blinders.fandom.com/wiki/Polly_Gray
Peaky Blinders,5,2,5,Gina,https://peaky-blinders.fandom.com/wiki/Gina_Gray
Peaky Blinders,5,2,6,Ada,https://peaky-blinders.fandom.com/wiki/Ada_Thorne
Peaky Blinders,5,2,6,Mosley,https://peaky-blinders.fandom.com/wiki/Oswald_Mosley
Peaky Blinders,5,2,6,May Carleton,https://peaky-blinders.fandom.com/wiki/May_Carleton
Peaky Blinders,5,2,8,Billy Grade,https://peaky-blinders.fandom.com/wiki/Billy_Grade
Peaky Blinders,5,3,1,Tommy,https://peaky-blinders.fandom.com/wiki/Thomas_Shelby
Peaky Blinders,5,3,1,Polly,https://peaky-blinders.fandom.com/wiki/Polly_Gray
Peaky Blinders,5,3,2,a person of interest,https://peaky-blinders.fandom.com/wiki/Oswald_Mosley
Peaky Blinders,5,3,2,Michael,https://peaky-blinders.fandom.com/wiki/Michael_Gray
Peaky Blinders,5,3,2,Gina,https://peaky-blinders.fandom.com/wiki/Gina_Gray
Peaky Blinders,5,3,2,Ada,https://peaky-blinders.fandom.com/wiki/Ada_Thorne
Peaky Blinders,5,3,3,Arthur,https://peaky-blinders.fandom.com/wiki/Arthur_Shelby
Peaky Blinders,5,3,3,Jimmy McCavern,https://peaky-blinders.fandom.com/wiki/Jimmy_McCavern
Peaky Blinders,5,3,3,Linda,https://peaky-blinders.fandom.com/wiki/Linda_Shelby
Peaky Blinders,5,3,4,Lizzie,https://peaky-blinders.fandom.com/wiki/Lizzie_Stark
Peaky Blinders,5,3,5,Karl,https://peaky-blinders.fandom.com/wiki/Karl_Thorne
Peaky Blinders,5,3,5,Ben,https://peaky-blinders.fandom.com/wiki/Ben_Younger
Peaky Blinders,5,3,6,Aberama,https://peaky-blinders.fandom.com/wiki/Aberama_Gold
Peaky Blinders,5,3,8,Johnny Dogs,https://peaky-blinders.fandom.com/wiki/Johnny_Dogs
Peaky Blinders,5,3,9,Jessie Eden,https://peaky-blinders.fandom.com/wiki/Jessie_Eden
Peaky Blinders,5,4,1,Jimmy McCavern,https://peaky-blinders.fandom.com/wiki/Jimmy_McCavern
Peaky Blinders,5,4,1,Birmingham,"https://peaky-blinders.fandom.com/wiki/Birmingham,_England"
Peaky Blinders,5,4,2,Arthur,https://peaky-blinders.fandom.com/wiki/Arthur_Shelby
Peaky Blinders,5,4,2,Brilliant Chang,https://peaky-blinders.fandom.com/wiki/Brilliant_Chang
Peaky Blinders,5,4,2,Finn,https://peaky-blinders.fandom.com/wiki/Finn_Shelby
Peaky Blinders,5,4,3,Polly,https://peaky-blinders.fandom.com/wiki/Polly_Gray
Peaky Blinders,5,4,3,Michael,https://peaky-blinders.fandom.com/wiki/Michael_Gray
Peaky Blinders,5,4,3,company,https://peaky-blinders.fandom.com/wiki/Shelby_Company_Limited
Peaky Blinders,5,4,3,Peaky Blinders,https://peaky-blinders.fandom.com/wiki/Peaky_Blinders
Peaky Blinders,5,4,3,Linda,https://peaky-blinders.fandom.com/wiki/Linda_Shelby
Peaky Blinders,5,4,5,house,https://peaky-blinders.fandom.com/wiki/Arrow_House
Peaky Blinders,5,4,5,Grace,https://peaky-blinders.fandom.com/wiki/Grace_Shelby
Peaky Blinders,5,4,6,Ada,https://peaky-blinders.fandom.com/wiki/Ada_Thorne
Peaky Blinders,5,4,6,Ben,https://peaky-blinders.fandom.com/wiki/Ben_Younger
Peaky Blinders,5,4,7,Gina,https://peaky-blinders.fandom.com/wiki/Gina_Gray
Peaky Blinders,5,4,8,Johnny Dogs,https://peaky-blinders.fandom.com/wiki/Johnny_Dogs
Peaky Blinders,5,5,1,Linda,https://peaky-blinders.fandom.com/wiki/Linda_Shelby
Peaky Blinders,5,5,1,Tommy,https://peaky-blinders.fandom.com/wiki/Thomas_Shelby
Peaky Blinders,5,5,1,Polly,https://peaky-blinders.fandom.com/wiki/Polly_Gray
Peaky Blinders,5,5,1,Arthur,https://peaky-blinders.fandom.com/wiki/Arthur_Shelby
Peaky Blinders,5,5,1,Aberama,https://peaky-blinders.fandom.com/wiki/Aberama_Gold
Peaky Blinders,5,5,2,Mosley,https://peaky-blinders.fandom.com/wiki/Oswald_Mosley
Peaky Blinders,5,5,2,Jimmy McCavern,https://peaky-blinders.fandom.com/wiki/Jimmy_McCavern
Peaky Blinders,5,5,3,Lizzie,https://peaky-blinders.fandom.com/wiki/Lizzie_Stark
Peaky Blinders,5,5,4,Ben,https://peaky-blinders.fandom.com/wiki/Ben_Younger
Peaky Blinders,5,5,4,Jessie Eden,https://peaky-blinders.fandom.com/wiki/Jessie_Eden
Peaky Blinders,5,5,4,Ada,https://peaky-blinders.fandom.com/wiki/Ada_Thorne
Peaky Blinders,5,5,6,Isiah,https://peaky-blinders.fandom.com/wiki/Isiah_Jesus
Peaky Blinders,5,5,6,Charlie,https://peaky-blinders.fandom.com/wiki/Charlie_Strong
Peaky Blinders,5,5,6,Curly,https://peaky-blinders.fandom.com/wiki/Curly
Peaky Blinders,5,5,7,Barney,https://peaky-blinders.fandom.com/wiki/Barney_Thomason
Peaky Blinders,5,5,11,Arthur Shelby:,https://peaky-blinders.fandom.com/wiki/Arthur_Shelby
Peaky Blinders,5,6,2,Arthur,https://peaky-blinders.fandom.com/wiki/Arthur_Shelby
Peaky Blinders,5,6,2,Finn,https://peaky-blinders.fandom.com/wiki/Finn_Shelby
Peaky Blinders,5,6,2,Billy,https://peaky-blinders.fandom.com/wiki/Billy_Grade
Peaky Blinders,5,6,2,Shelby,https://peaky-blinders.fandom.com/wiki/Shelby_Family
Peaky Blinders,5,6,2,Peaky,https://peaky-blinders.fandom.com/wiki/Peaky_Blinders
Peaky Blinders,5,6,3,Aberama Gold,https://peaky-blinders.fandom.com/wiki/Aberama_Gold
Peaky Blinders,5,6,3,Polly Gray,https://peaky-blinders.fandom.com/wiki/Polly_Gray
Peaky Blinders,5,6,3,Ben Younger,https://peaky-blinders.fandom.com/wiki/Ben_Younger
Peaky Blinders,5,6,3,Ada,https://peaky-blinders.fandom.com/wiki/Ada_Thorne
Peaky Blinders,5,6,3,Michael,https://peaky-blinders.fandom.com/wiki/Michael_Gray
Peaky Blinders,5,6,3,Gina,https://peaky-blinders.fandom.com/wiki/Gina_Gray
Peaky Blinders,5,6,3,Barney,https://peaky-blinders.fandom.com/wiki/Barney_Thomason
Peaky Blinders,5,6,4,assassinate,https://peaky-blinders.fandom.com/wiki/Assassination_Attempt_on_Oswald_Mosely
Peaky Blinders,5,6,4,Jimmy McCavern,https://peaky-blinders.fandom.com/wiki/Jimmy_McCavern
Peaky Blinders,5,6,5,the Garrison,https://peaky-blinders.fandom.com/wiki/The_Garrison
Peaky Blinders,5,6,5,Ulster Volunteer Force,https://peaky-blinders.fandom.com/wiki/Ulster_Volunteer_Force
Peaky Blinders,5,6,6,Alfie Solomons,https://peaky-blinders.fandom.com/wiki/Alfie_Solomons
Peaky Blinders,5,6,7,Shelby Company Limited,https://peaky-blinders.fandom.com/wiki/Shelby_Company_Limited
Peaky Blinders,5,6,8,Charlie's Yard,https://peaky-blinders.fandom.com/wiki/Charlie_Strong%27s_Yard
Peaky Blinders,5,6,8,Charlie,https://peaky-blinders.fandom.com/wiki/Charlie_Strong
Peaky Blinders,5,6,8,mother,https://peaky-blinders.fandom.com/wiki/Mrs_Shelby
Peaky Blinders,5,6,11,Grace,https://peaky-blinders.fandom.com/wiki/Grace_Shelby
Peaky Blinders,6,1,1,assassination,https://peaky-blinders.fandom.com/wiki/Assassination_Attempt_on_Oswald_Mosely
Peaky Blinders,6,1,1,Oswald,https://peaky-blinders.fandom.com/wiki/Oswald_Mosley
Peaky Blinders,6,1,1,estate,https://peaky-blinders.fandom.com/wiki/Arrow_House
Peaky Blinders,6,1,1,Grace,https://peaky-blinders.fandom.com/wiki/Grace_Shelby
Peaky Blinders,6,1,1,Lizzie,https://peaky-blinders.fandom.com/wiki/Lizzie_Stark
Peaky Blinders,6,1,1,Arthur,https://peaky-blinders.fandom.com/wiki/Arthur_Shelby
Peaky Blinders,6,1,2,Barney Thomason,https://peaky-blinders.fandom.com/wiki/Barney_Thomason
Peaky Blinders,6,1,2,Aberama Gold,https://peaky-blinders.fandom.com/wiki/Aberama_Gold
Peaky Blinders,6,1,2,Polly Shelby,https://peaky-blinders.fandom.com/wiki/Polly_Shelby
Peaky Blinders,6,1,3,Michael,https://peaky-blinders.fandom.com/wiki/Michael_Gray
Peaky Blinders,6,1,6,Gina,https://peaky-blinders.fandom.com/wiki/Gina_Gray
Peaky Blinders,6,1,6,Jack Nelson,https://peaky-blinders.fandom.com/wiki/Jack_Nelson
Peaky Blinders,6,1,10,Ruby,https://peaky-blinders.fandom.com/wiki/Ruby_Shelby
Peaky Blinders,6,2,1,Polly,https://peaky-blinders.fandom.com/wiki/Polly_Gray
Peaky Blinders,6,2,1,Tommy,https://peaky-blinders.fandom.com/wiki/Thomas_Shelby
Peaky Blinders,6,2,1,Ruby,https://peaky-blinders.fandom.com/wiki/Ruby_Shelby
Peaky Blinders,6,2,2,Lizzie,https://peaky-blinders.fandom.com/wiki/Lizzie_Stark
Peaky Blinders,6,2,3,Mosley,https://peaky-blinders.fandom.com/wiki/Oswald_Mosley
Peaky Blinders,6,2,4,Laura McKee,https://peaky-blinders.fandom.com/wiki/Laura_McKee
Peaky Blinders,6,2,5,Jack,https://peaky-blinders.fandom.com/wiki/Jack_Nelson
Peaky Blinders,6,2,6,Ada,https://peaky-blinders.fandom.com/wiki/Ada_Thorne
Peaky Blinders,6,2,6,Arthur,https://peaky-blinders.fandom.com/wiki/Arthur_Shelby
Peaky Blinders,6,2,7,Alfie,https://peaky-blinders.fandom.com/wiki/Alfie_Solomons
Peaky Blinders,6,2,8,Linda,https://peaky-blinders.fandom.com/wiki/Linda_Shelby
Peaky Blinders,6,2,9,Diana,https://peaky-blinders.fandom.com/wiki/Diana_Mitford
Peaky Blinders,6,2,10,Esme Shelby Lee,https://peaky-blinders.fandom.com/wiki/Esme_Shelby
Peaky Blinders,6,3,1,Ruby,https://peaky-blinders.fandom.com/wiki/Ruby_Shelby
Peaky Blinders,6,3,1,Esme,https://peaky-blinders.fandom.com/wiki/Esme_Shelby
Peaky Blinders,6,3,2,Lee family,https://peaky-blinders.fandom.com/wiki/Lee_Family
Peaky Blinders,6,3,2,Polly,https://peaky-blinders.fandom.com/wiki/Polly_Gray
Peaky Blinders,6,3,3,Diana,https://peaky-blinders.fandom.com/wiki/Diana_Mitford
Peaky Blinders,6,3,3,Oswald,https://peaky-blinders.fandom.com/wiki/Oswald_Mosley
Peaky Blinders,6,3,3,Jack Nelson,https://peaky-blinders.fandom.com/wiki/Jack_Nelson
Peaky Blinders,6,3,3,Gina,https://peaky-blinders.fandom.com/wiki/Gina_Gray
Peaky Blinders,6,3,4,Shelby Limited,https://peaky-blinders.fandom.com/wiki/Shelby_Company_Limited
Peaky Blinders,6,3,4,Isiah,https://peaky-blinders.fandom.com/wiki/Isiah_Jesus
Peaky Blinders,6,3,7,Connie Barwell,https://peaky-blinders.fandom.com/wiki/Connie_Barwell
Peaky Blinders,6,3,7,Evadne Barwell,https://peaky-blinders.fandom.com/wiki/Evadne_Barwell
Peaky Blinders,6,3,8,Lizzie,https://peaky-blinders.fandom.com/wiki/Lizzie_Stark
Peaky Blinders,6,4,1,Ruby,https://peaky-blinders.fandom.com/wiki/Ruby_Shelby
Peaky Blinders,6,4,1,Arthur,https://peaky-blinders.fandom.com/wiki/Arthur_Shelby
Peaky Blinders,6,4,1,Lizzie,https://peaky-blinders.fandom.com/wiki/Lizzie_Stark
Peaky Blinders,6,4,2,Evadne Barwell,https://peaky-blinders.fandom.com/wiki/Evadne_Barwell
Peaky Blinders,6,4,2,Esme,https://peaky-blinders.fandom.com/wiki/Esme_Shelby
Peaky Blinders,6,4,2,Duke,https://peaky-blinders.fandom.com/wiki/Duke_Shelby
Peaky Blinders,6,4,3,Shelby family,https://peaky-blinders.fandom.com/wiki/Shelby_Family
Peaky Blinders,6,4,4,Oswald Mosley,https://peaky-blinders.fandom.com/wiki/Oswald_Mosley
Peaky Blinders,6,4,4,Diana Mitford,https://peaky-blinders.fandom.com/wiki/Diana_Mitford
Peaky Blinders,6,4,4,Jack Nelson,https://peaky-blinders.fandom.com/wiki/Jack_Nelson
Peaky Blinders,6,4,5,Churchill,https://peaky-blinders.fandom.com/wiki/Winston_Churchill
Peaky Blinders,6,4,6,Gina,https://peaky-blinders.fandom.com/wiki/Gina_Gray
Peaky Blinders,6,5,1,Tommy,https://peaky-blinders.fandom.com/wiki/Thomas_Shelby
Peaky Blinders,6,5,2,Erasmus,https://peaky-blinders.fandom.com/wiki/Duke_Shelby
Peaky Blinders,6,5,3,Linda,https://peaky-blinders.fandom.com/wiki/Linda_Shelby
Peaky Blinders,6,5,3,Arthur,https://peaky-blinders.fandom.com/wiki/Arthur_Shelby
Peaky Blinders,6,5,5,Lizzie,https://peaky-blinders.fandom.com/wiki/Lizzie_Stark
Peaky Blinders,6,5,6,Shelby Headquarters,https://peaky-blinders.fandom.com/wiki/Shelby_Home_%26_Betting_Shop
Peaky Blinders,6,5,6,Birmingham,"https://peaky-blinders.fandom.com/wiki/Birmingham,_England"
Peaky Blinders,6,5,6,Billy,https://peaky-blinders.fandom.com/wiki/Billy_Grade
Peaky Blinders,6,5,7,Jack Nelson,https://peaky-blinders.fandom.com/wiki/Jack_Nelson
Peaky Blinders,6,5,9,Diana,https://peaky-blinders.fandom.com/wiki/Diana_Mitford
Peaky Blinders,6,5,10,Oswald,https://peaky-blinders.fandom.com/wiki/Oswald_Mosley
Peaky Blinders,6,5,11,Michael,https://peaky-blinders.fandom.com/wiki/Michael_Gray
Peaky Blinders,6,5,11,Polly,https://peaky-blinders.fandom.com/wiki/Polly_Gray
Peaky Blinders,6,5,11,family,https://peaky-blinders.fandom.com/wiki/Shelby_Family
Peaky Blinders,6,6,1,,https://peaky-blinders.fandom.com/wiki/Michael_Gray
Peaky Blinders,6,6,1,,https://peaky-blinders.fandom.com/wiki/Thomas_Shelby
Peaky Blinders,6,6,1,,https://peaky-blinders.fandom.com/wiki/Thomas_Shelby
